Workbook

Sheet Track Catalog
A1: ISRC | B1: Filename | C1: Title | D1: Prefix | E1: Chapter | F1: Version | G1: Style Descriptor | H1: Artist | I1: Album | J1: Track # | K1: Year | L1: Genre | M1: Composer | N1: Copyright | O1: Release Date | P1: Album Art | Q1: Archive WAV | R1: Distro WAV | S1: Web MP3 | T1: Website Live | U1: DistroKid | V1: Notes
B2: =IF(D2="","",IF(D2="##",TEXT(E2,"00"),D2)&"_"&TEXT(F2,"00")&"_"&SUBSTITUTE(C2," ","_")&IF(G2="","","_"&SUBSTITUTE(G2," ","_"))) -> 01_01_Introduction_to_Plainness_Sacred_Americana | C2: Introduction to Plainness | D2: ## | E2: 1 | F2: 1 | G2: Sacred Americana | H2: Words of Plainness | I2: Words of Plainness: Musical Testimonies | J2: 1 | K2: 2026 | L2: Christian / Sacred | M2: Aaron J Powner | N2: © 2026 Aaron J Powner | P2: Pending | Q2: — | R2: — | S2: — | T2: — | U2: — | V2: Example row — replace with actual data
B3: =IF(D3="","",IF(D3="##",TEXT(E3,"00"),D3)&"_"&TEXT(F3,"00")&"_"&SUBSTITUTE(C3," ","_")&IF(G3="","","_"&SUBSTITUTE(G3," ","_"))) -> AN_01_Calling_the_Straying_Stranger_Home_Duet | C3: Calling the Straying Stranger Home | D3: AN | F3: 1 | G3: Duet | H3: Words of Plainness | I3: Words of Plainness: Musical Testimonies | K3: 2026 | L3: Christian / Sacred | M3: Aaron J Powner | N3: © 2026 Aaron J Powner | P3: Pending | V3: Anthem — homepage hymn
B4: =IF(D4="","",IF(D4="##",TEXT(E4,"00"),D4)&"_"&TEXT(F4,"00")&"_"&SUBSTITUTE(C4," ","_")&IF(G4="","","_"&SUBSTITUTE(G4," ","_"))) | H4: Words of Plainness | K4: 2026 | L4: Christian / Sacred | M4: Aaron J Powner | N4: © 2026 Aaron J Powner
B5: =IF(D5="","",IF(D5="##",TEXT(E5,"00"),D5)&"_"&TEXT(F5,"00")&"_"&SUBSTITUTE(C5," ","_")&IF(G5="","","_"&SUBSTITUTE(G5," ","_"))) | H5: Words of Plainness | K5: 2026 | L5: Christian / Sacred | M5: Aaron J Powner | N5: © 2026 Aaron J Powner
B6: =IF(D6="","",IF(D6="##",TEXT(E6,"00"),D6)&"_"&TEXT(F6,"00")&"_"&SUBSTITUTE(C6," ","_")&IF(G6="","","_"&SUBSTITUTE(G6," ","_"))) | H6: Words of Plainness | K6: 2026 | L6: Christian / Sacred | M6: Aaron J Powner | N6: © 2026 Aaron J Powner
B7: =IF(D7="","",IF(D7="##",TEXT(E7,"00"),D7)&"_"&TEXT(F7,"00")&"_"&SUBSTITUTE(C7," ","_")&IF(G7="","","_"&SUBSTITUTE(G7," ","_"))) | H7: Words of Plainness | K7: 2026 | L7: Christian / Sacred | M7: Aaron J Powner | N7: © 2026 Aaron J Powner
B8: =IF(D8="","",IF(D8="##",TEXT(E8,"00"),D8)&"_"&TEXT(F8,"00")&"_"&SUBSTITUTE(C8," ","_")&IF(G8="","","_"&SUBSTITUTE(G8," ","_"))) | H8: Words of Plainness | K8: 2026 | L8: Christian / Sacred | M8: Aaron J Powner | N8: © 2026 Aaron J Powner
B9: =IF(D9="","",IF(D9="##",TEXT(E9,"00"),D9)&"_"&TEXT(F9,"00")&"_"&SUBSTITUTE(C9," ","_")&IF(G9="","","_"&SUBSTITUTE(G9," ","_"))) | H9: Words of Plainness | K9: 2026 | L9: Christian / Sacred | M9: Aaron J Powner | N9: © 2026 Aaron J Powner
B10: =IF(D10="","",IF(D10="##",TEXT(E10,"00"),D10)&"_"&TEXT(F10,"00")&"_"&SUBSTITUTE(C10," ","_")&IF(G10="","","_"&SUBSTITUTE(G10," ","_"))) | H10: Words of Plainness | K10: 2026 | L10: Christian / Sacred | M10: Aaron J Powner | N10: © 2026 Aaron J Powner
B11: =IF(D11="","",IF(D11="##",TEXT(E11,"00"),D11)&"_"&TEXT(F11,"00")&"_"&SUBSTITUTE(C11," ","_")&IF(G11="","","_"&SUBSTITUTE(G11," ","_"))) | H11: Words of Plainness | K11: 2026 | L11: Christian / Sacred | M11: Aaron J Powner | N11: © 2026 Aaron J Powner
B12: =IF(D12="","",IF(D12="##",TEXT(E12,"00"),D12)&"_"&TEXT(F12,"00")&"_"&SUBSTITUTE(C12," ","_")&IF(G12="","","_"&SUBSTITUTE(G12," ","_"))) | H12: Words of Plainness | K12: 2026 | L12: Christian / Sacred | M12: Aaron J Powner | N12: © 2026 Aaron J Powner
B13: =IF(D13="","",IF(D13="##",TEXT(E13,"00"),D13)&"_"&TEXT(F13,"00")&"_"&SUBSTITUTE(C13," ","_")&IF(G13="","","_"&SUBSTITUTE(G13," ","_"))) | H13: Words of Plainness | K13: 2026 | L13: Christian / Sacred | M13: Aaron J Powner | N13: © 2026 Aaron J Powner
B14: =IF(D14="","",IF(D14="##",TEXT(E14,"00"),D14)&"_"&TEXT(F14,"00")&"_"&SUBSTITUTE(C14," ","_")&IF(G14="","","_"&SUBSTITUTE(G14," ","_"))) | H14: Words of Plainness | K14: 2026 | L14: Christian / Sacred | M14: Aaron J Powner | N14: © 2026 Aaron J Powner
B15: =IF(D15="","",IF(D15="##",TEXT(E15,"00"),D15)&"_"&TEXT(F15,"00")&"_"&SUBSTITUTE(C15," ","_")&IF(G15="","","_"&SUBSTITUTE(G15," ","_"))) | H15: Words of Plainness | K15: 2026 | L15: Christian / Sacred | M15: Aaron J Powner | N15: © 2026 Aaron J Powner
... B21: =IF(D21="","",IF(D21="##",TEXT(E21,"00"),D21)&"_"&TEXT(F21,"00")&"_"&SUBSTITUTE(C21," ","_")&IF(G21="","","_"&SUBSTITUTE(G21," ","_"))) | H21: Words of Plainness | K21: 2026 | L21: Christian / Sacred | M21: Aaron J Powner | N21: © 2026 Aaron J Powner

Sheet Summary
A1: WoP ISRC Catalog Summary
A3: Total Tracks | B3: =COUNTA('Track Catalog'!C2:C999) -> 2
A4: Tracks with ISRC | B4: =COUNTA('Track Catalog'!A2:A999) -> 0
A5: Archive WAVs Complete | B5: =COUNTIF('Track Catalog'!Q2:Q999,"✓") -> 0
A6: Distribution WAVs Complete | B6: =COUNTIF('Track Catalog'!R2:R999,"✓") -> 0
A7: Web MP3s Complete | B7: =COUNTIF('Track Catalog'!S2:S999,"✓") -> 0
A8: Album Art Embedded | B8: =COUNTIF('Track Catalog'!P2:P999,"✓ Embedded") -> 0
A9: Published on DistroKid | B9: =COUNTIF('Track Catalog'!U2:U999,"✓") -> 0
A10: Website Live | B10: =COUNTIF('Track Catalog'!T2:T999,"✓") -> 0
A12: Prefix Codes
A13: ## | B13: Chapter Testimony (01–62+)
A14: AN | B14: Anthem / Homepage Hymn
A15: SY | B15: Symphonic / Orchestral
A16: AM | B16: Ambient / Instrumental
A17: SP | B17: Special / Collaboration
A18: OV | B18: Overture / Interlude

Sheet Style Reference
A1: Approved Style Descriptors
A3: Americana/Folk | B3: Sacred_Americana
B4: Americana_Folk
B5: Celtic_Ballad
B6: Bluegrass
A8: Worship | B8: Contemplative_Worship
B9: Soul_Worship
B10: Celtic_Worship
A12: Classical | B12: Classical_Crossover
B13: Classical_Duet
B14: Choral_Anthem
A16: Cinematic | B16: Cinematic_Inspirational
B17: Atmospheric_Folk
B18: Ethereal_Celtic
A20: Hymn | B20: Hymn_Arrangement
B21: Sacred_Harp
B22: Shape_Note
A24: Contemporary | B24: Indie_Folk
B25: Folk_Rock
B26: Acoustic_Worship
A28: Vocal | B28: Female_Vocal
B29: Male_Baritone
B30: Duet
B31: A_Cappella
A33: Ambient | B33: Meditation
B34: Instrumental
B35: Soundscape
